<a href="http://venturemaven.com/angel/people">Angel Investors</a>
<a href="http://venturemaven.com/atlas/people">Atlas Venture</a>
<a href="http://venturemaven.com/august/people">August Capital</a>
<a href="http://venturemaven.com/baroda/people">Baroda Ventures</a>
<a href="http://venturemaven.com/battery/people">Battery Ventures</a>
<a href="http://venturemaven.com/bby/people">Best Buy Capital</a>
<a href="http://venturemaven.com/benchmark/people">Benchmark Capital</a>
<a href="http://venturemaven.com/betaworks/people">Betaworks</a>
<a href="http://venturemaven.com/bvp/people">Bessemer Venture Partners</a>
<a href="http://venturemaven.com/clearstone/people">Clearstone Venture Partners</a>
<a href="http://venturemaven.com/crv/people">Charles River Ventures</a>
<a href="http://venturemaven.com/dfj/people">Draper Fisher Jurvetson</a>
<a href="http://venturemaven.com/dfjesprit/people">DFJ Esprit</a>
<a href="http://venturemaven.com/dfjgotham/people">DFJ Gotham Ventures</a>
<a href="http://venturemaven.com/dfjgrowth/people">DFJ Growth Fund</a>
<a href="http://venturemaven.com/doughtyhanson/people">Doughty Hanson Technology Ventures</a>
<a href="http://venturemaven.com/emergence/people">Emergence Capital Partners</a>
<a href="http://venturemaven.com/firstround/people">First Round Capital</a>
<a href="http://venturemaven.com/flybridge/people">Flybridge Capital</a>
<a href="http://venturemaven.com/foundry/people">Foundry Group</a>
<a href="http://venturemaven.com/grp/people">GRP Partners</a>
<a href="http://venturemaven.com/hearst/people">Hearst Ventures</a>
<a href="http://venturemaven.com/highland/people">Highland Capital Partners</a>
<a href="http://venturemaven.com/idg/people">IDG Ventures</a>
<a href="http://venturemaven.com/ignition/people">Ignition Partners</a>
<a href="http://venturemaven.com/index/people">Index Ventures</a>
<a href="http://venturemaven.com/inflexion/people">Inflexion Partners</a>
<a href="http://venturemaven.com/intel/people">Intel Capital</a>
<a href="http://venturemaven.com/interwest/people">InterWest Partners</a>
<a href="http://venturemaven.com/ivp/people">Institutional Venture Partners</a>
<a href="http://venturemaven.com/kleinerperkins/people">Kleiner Perkins Caufield & Byers</a>
<a href="http://venturemaven.com/lightspeed/people">Lightspeed Venture Partners</a>
<a href="http://venturemaven.com/mailroom/people">Mail Room Fund</a>
<a href="http://venturemaven.com/matrix/people">Matrix Partners</a>
<a href="http://venturemaven.com/mayfield/people">Mayfield Fund</a>
<a href="http://venturemaven.com/meritage/people">Meritage Funds</a>
<a href="http://venturemaven.com/metamorphic/people">Metamorphic Ventures</a>
<a href="http://venturemaven.com/newatlantic/people">New Atlantic Ventures</a>
<a href="http://venturemaven.com/nmp/people">Noro-Moseley Partners</a>
<a href="http://venturemaven.com/oatv/people">O'Reilly AlphaTech Ventures</a>
<a href="http://venturemaven.com/pointjudith/people">Point Judith Capital</a>
<a href="http://venturemaven.com/polaris/people">Polaris Ventures</a>
<a href="http://venturemaven.com/rbc/people">RBC Venture Partners</a>
<a href="http://venturemaven.com/rre/people">RRE Ventures</a>
<a href="http://venturemaven.com/saban/people">Saban Ventures</a>
<a href="http://venturemaven.com/softbank/people">Softbank Capital</a>
<a href="http://venturemaven.com/softtech/people">SoftTechVC</a>
<a href="http://venturemaven.com/southern/people">Southern Capitol Ventures</a>
<a href="http://venturemaven.com/spark/people">Spark Capital</a>
<a href="http://venturemaven.com/tcp/people">Tech Capital Partners</a>
<a href="http://venturemaven.com/techstars/people">TechStars</a>
<a href="http://venturemaven.com/truev/people">True Ventures</a>
<a href="http://venturemaven.com/usv/people">Union Square Ventures</a>
<a href="http://venturemaven.com/usvp/people">U.S. Venture Partners</a>
<a href="http://venturemaven.com/venrock/people">Venrock</a>
<a href="http://venturemaven.com/volition/people">Volition Capital</a>
