"http://venturemaven.com/angel/people">Angel Investors
"http://venturemaven.com/atlas/people">Atlas Venture
"http://venturemaven.com/august/people">August Capital
"http://venturemaven.com/baroda/people">Baroda Ventures
"http://venturemaven.com/battery/people">Battery Ventures
"http://venturemaven.com/bby/people">Best Buy Capital
"http://venturemaven.com/benchmark/people">Benchmark Capital
"http://venturemaven.com/betaworks/people">Betaworks
"http://venturemaven.com/bvp/people">Bessemer Venture Partners
"http://venturemaven.com/clearstone/people">Clearstone Venture Partners
"http://venturemaven.com/crv/people">Charles River Ventures
"http://venturemaven.com/dfj/people">Draper Fisher Jurvetson
"http://venturemaven.com/dfjesprit/people">DFJ Esprit
"http://venturemaven.com/dfjgotham/people">DFJ Gotham Ventures
"http://venturemaven.com/dfjgrowth/people">DFJ Growth Fund
"http://venturemaven.com/doughtyhanson/people">Doughty Hanson Technology Ventures
"http://venturemaven.com/emergence/people">Emergence Capital Partners
"http://venturemaven.com/firstround/people">First Round Capital
"http://venturemaven.com/flybridge/people">Flybridge Capital
"http://venturemaven.com/foundry/people">Foundry Group
"http://venturemaven.com/grp/people">GRP Partners
"http://venturemaven.com/hearst/people">Hearst Ventures
"http://venturemaven.com/highland/people">Highland Capital Partners
"http://venturemaven.com/idg/people">IDG Ventures
"http://venturemaven.com/ignition/people">Ignition Partners
"http://venturemaven.com/index/people">Index Ventures
"http://venturemaven.com/inflexion/people">Inflexion Partners
"http://venturemaven.com/intel/people">Intel Capital
"http://venturemaven.com/interwest/people">InterWest Partners
"http://venturemaven.com/ivp/people">Institutional Venture Partners
"http://venturemaven.com/kleinerperkins/people">Kleiner Perkins Caufield & Byers
"http://venturemaven.com/lightspeed/people">Lightspeed Venture Partners
"http://venturemaven.com/mailroom/people">Mail Room Fund
"http://venturemaven.com/matrix/people">Matrix Partners
"http://venturemaven.com/mayfield/people">Mayfield Fund
"http://venturemaven.com/meritage/people">Meritage Funds
"http://venturemaven.com/metamorphic/people">Metamorphic Ventures
"http://venturemaven.com/newatlantic/people">New Atlantic Ventures
"http://venturemaven.com/nmp/people">Noro-Moseley Partners
"http://venturemaven.com/oatv/people">O'Reilly AlphaTech Ventures
"http://venturemaven.com/pointjudith/people">Point Judith Capital
"http://venturemaven.com/polaris/people">Polaris Ventures
"http://venturemaven.com/rbc/people">RBC Venture Partners
"http://venturemaven.com/rre/people">RRE Ventures
"http://venturemaven.com/saban/people">Saban Ventures
"http://venturemaven.com/softbank/people">Softbank Capital
"http://venturemaven.com/softtech/people">SoftTechVC
"http://venturemaven.com/southern/people">Southern Capitol Ventures
"http://venturemaven.com/spark/people">Spark Capital
"http://venturemaven.com/tcp/people">Tech Capital Partners
"http://venturemaven.com/techstars/people">TechStars
"http://venturemaven.com/truev/people">True Ventures
"http://venturemaven.com/usv/people">Union Square Ventures
"http://venturemaven.com/usvp/people">U.S. Venture Partners
"http://venturemaven.com/venrock/people">Venrock
"http://venturemaven.com/volition/people">Volition Capital
